2008-03-26 00:03:58,16.968,2008-03-26 00:03:58,0.000
2008-03-26 00:10:22,17.605,2008-03-26 00:10:22,1.000
2008-03-26 00:16:47,14.349,2008-03-26 00:16:47,2.000
2008-03-26 00:23:12,14.852,2008-03-26 00:23:12,3.000
2008-03-26 00:29:36,15.501,2008-03-26 00:29:36,4.000
2008-03-26 00:36:01,17.346,2008-03-26 00:36:01,5.000
2008-03-26 00:42:25,17.292,2008-03-26 00:42:25,6.000
2008-03-26 00:48:50,18.150,2008-03-26 00:48:50,7.000
2008-03-26 00:55:15,20.449,2008-03-26 00:55:15,8.000
2008-03-26 01:01:39,17.611,2008-03-26 01:01:39,9.000
2008-03-26 01:08:04,19.800,2008-03-26 01:08:04,10.000
2008-03-26 01:14:28,18.737,2008-03-26 01:14:28,11.000
2008-03-26 01:20:53,15.945,2008-03-26 01:20:53,12.000
2008-03-26 01:27:18,15.651,2008-03-26 01:27:18,13.000
2008-03-26 01:33:42,15.400,2008-03-26 01:33:42,14.000
2008-03-26 01:40:07,14.167,2008-03-26 01:40:07,15.000
2008-03-26 01:46:32,13.241,2008-03-26 01:46:32,16.000
2008-03-26 01:52:56,13.089,2008-03-26 01:52:56,17.000
2008-03-26 01:59:21,13.789,2008-03-26 01:59:21,18.000
2008-03-26 02:05:45,14.285,2008-03-26 02:05:45,19.000
2008-03-26 02:12:10,13.784,2008-03-26 02:12:10,20.000
2008-03-26 02:18:35,14.648,2008-03-26 02:18:35,21.000
2008-03-26 02:24:59,14.926,2008-03-26 02:24:59,22.000
2008-03-26 02:31:24,15.099,2008-03-26 02:31:24,23.000
2008-03-26 02:37:48,14.479,2008-03-26 02:37:48,24.000
2008-03-26 02:44:13,16.040,2008-03-26 02:44:13,25.000
2008-03-26 02:50:38,15.116,2008-03-26 02:50:38,26.000
2008-03-26 02:57:02,15.874,2008-03-26 02:57:02,27.000
2008-03-26 03:03:27,13.741,2008-03-26 03:03:27,28.000
2008-03-26 03:09:51,12.082,2008-03-26 03:09:51,29.000
2008-03-26 03:16:16,11.326,2008-03-26 03:16:16,30.000
2008-03-26 03:24:59,11.274,2008-03-26 03:24:59,31.000
2008-03-26 03:26:35,11.429,2008-03-26 03:26:35,32.000
2008-03-26 03:28:11,11.610,2008-03-26 03:28:11,33.000
2008-03-26 03:29:47,11.681,2008-03-26 03:29:47,34.000
2008-03-26 03:31:23,11.669,2008-03-26 03:31:23,35.000
2008-03-26 03:33:00,11.580,2008-03-26 03:33:00,36.000
2008-03-26 03:34:36,11.592,2008-03-26 03:34:36,37.000
2008-03-26 03:36:12,11.697,2008-03-26 03:36:12,38.000
2008-03-26 03:37:48,11.711,2008-03-26 03:37:48,39.000
2008-03-26 03:39:24,11.567,2008-03-26 03:39:24,40.000
2008-03-26 03:41:00,11.654,2008-03-26 03:41:00,41.000
2008-03-26 03:42:37,11.785,2008-03-26 03:42:37,42.000
2008-03-26 03:44:13,11.917,2008-03-26 03:44:13,43.000
2008-03-26 03:45:49,11.433,2008-03-26 03:45:49,44.000
2008-03-26 03:47:25,11.062,2008-03-26 03:47:25,45.000
2008-03-26 03:49:01,11.110,2008-03-26 03:49:01,46.000
2008-03-26 03:50:37,11.070,2008-03-26 03:50:37,47.000
2008-03-26 03:52:13,11.096,2008-03-26 03:52:13,48.000
2008-03-26 03:53:50,10.499,2008-03-26 03:53:50,49.000
2008-03-26 03:55:26,10.607,2008-03-26 03:55:26,50.000
2008-03-26 03:57:02,10.841,2008-03-26 03:57:02,51.000
2008-03-26 03:58:38,11.040,2008-03-26 03:58:38,52.000
2008-03-26 04:00:14,11.243,2008-03-26 04:00:14,53.000
2008-03-26 04:01:50,11.526,2008-03-26 04:01:50,54.000
2008-03-26 04:03:26,11.004,2008-03-26 04:03:26,55.000
2008-03-26 04:05:03,11.211,2008-03-26 04:05:03,56.000
2008-03-26 04:06:39,11.201,2008-03-26 04:06:39,57.000
2008-03-26 04:08:15,11.289,2008-03-26 04:08:15,58.000
2008-03-26 04:09:51,11.247,2008-03-26 04:09:51,59.000
2008-03-26 04:11:27,11.374,2008-03-26 04:11:27,60.000
2008-03-26 04:13:03,11.632,2008-03-26 04:13:03,61.000
2008-03-26 04:14:40,11.977,2008-03-26 04:14:40,62.000
2008-03-26 04:16:16,12.232,2008-03-26 04:16:16,63.000
2008-03-26 04:17:52,11.684,2008-03-26 04:17:52,64.000
2008-03-26 04:19:28,11.458,2008-03-26 04:19:28,65.000
2008-03-26 04:21:04,12.034,2008-03-26 04:21:04,66.000
2008-03-26 04:22:40,12.295,2008-03-26 04:22:40,67.000
2008-03-26 04:24:16,12.591,2008-03-26 04:24:16,68.000
2008-03-26 04:25:53,12.486,2008-03-26 04:25:53,69.000
2008-03-26 04:27:29,13.078,2008-03-26 04:27:29,70.000
2008-03-26 04:29:05,12.778,2008-03-26 04:29:05,71.000
2008-03-26 04:30:41,13.037,2008-03-26 04:30:41,72.000
2008-03-26 04:32:17,12.863,2008-03-26 04:32:17,73.000
2008-03-26 04:33:53,12.901,2008-03-26 04:33:53,74.000
2008-03-26 04:35:30,13.081,2008-03-26 04:35:30,75.000
2008-03-26 04:37:06,12.732,2008-03-26 04:37:06,76.000
2008-03-26 04:38:42,13.066,2008-03-26 04:38:42,77.000
2008-03-26 04:40:18,12.778,2008-03-26 04:40:18,78.000
2008-03-26 04:41:54,13.192,2008-03-26 04:41:54,79.000
2008-03-26 04:43:30,13.560,2008-03-26 04:43:30,80.000
2008-03-26 04:45:06,13.433,2008-03-26 04:45:06,81.000
2008-03-26 04:46:43,13.362,2008-03-26 04:46:43,82.000
2008-03-26 04:48:19,13.359,2008-03-26 04:48:19,83.000
2008-03-26 04:49:55,13.251,2008-03-26 04:49:55,84.000
2008-03-26 04:51:31,13.263,2008-03-26 04:51:31,85.000
2008-03-26 04:53:07,12.844,2008-03-26 04:53:07,86.000
2008-03-26 04:54:43,12.699,2008-03-26 04:54:43,87.000
2008-03-26 04:56:20,12.349,2008-03-26 04:56:20,88.000
2008-03-26 04:57:56,11.492,2008-03-26 04:57:56,89.000
2008-03-26 04:59:32,11.151,2008-03-26 04:59:32,90.000
2008-03-26 05:01:08,11.808,2008-03-26 05:01:08,91.000
2008-03-26 05:02:44,11.636,2008-03-26 05:02:44,92.000
2008-03-26 05:04:20,10.900,2008-03-26 05:04:20,93.000
2008-03-26 05:05:56,10.766,2008-03-26 05:05:56,94.000
2008-03-26 05:07:33,9.777,2008-03-26 05:07:33,95.000
2008-03-26 05:09:09,9.700,2008-03-26 05:09:09,96.000
2008-03-26 05:10:45,9.596,2008-03-26 05:10:45,97.000
2008-03-26 05:12:21,9.481,2008-03-26 05:12:21,98.000
2008-03-26 05:13:57,9.065,2008-03-26 05:13:57,99.000
2008-03-26 05:15:33,8.876,2008-03-26 05:15:33,100.000
2008-03-26 05:17:09,8.758,2008-03-26 05:17:09,101.000
2008-03-26 05:18:46,9.140,2008-03-26 05:18:46,102.000
2008-03-26 05:20:22,8.618,2008-03-26 05:20:22,103.000
2008-03-26 05:21:58,8.991,2008-03-26 05:21:58,104.000
2008-03-26 05:23:34,9.176,2008-03-26 05:23:34,105.000
2008-03-26 05:25:10,9.174,2008-03-26 05:25:10,106.000
2008-03-26 05:26:46,9.224,2008-03-26 05:26:46,107.000
2008-03-26 05:28:23,9.151,2008-03-26 05:28:23,108.000
2008-03-26 05:29:59,9.207,2008-03-26 05:29:59,109.000
2008-03-26 05:31:35,9.317,2008-03-26 05:31:35,110.000
2008-03-26 05:33:11,9.141,2008-03-26 05:33:11,111.000
2008-03-26 05:34:47,8.774,2008-03-26 05:34:47,112.000
2008-03-26 05:36:23,8.929,2008-03-26 05:36:23,113.000
2008-03-26 05:37:59,8.222,2008-03-26 05:37:59,114.000
2008-03-26 05:39:36,8.865,2008-03-26 05:39:36,115.000
2008-03-26 05:41:12,8.391,2008-03-26 05:41:12,116.000
2008-03-26 05:42:48,8.426,2008-03-26 05:42:48,117.000
2008-03-26 05:44:24,7.726,2008-03-26 05:44:24,118.000
2008-03-26 05:46:00,8.324,2008-03-26 05:46:00,119.000
2008-03-26 05:47:36,7.910,2008-03-26 05:47:36,120.000
2008-03-26 05:49:13,7.736,2008-03-26 05:49:13,121.000
2008-03-26 05:50:49,7.714,2008-03-26 05:50:49,122.000
2008-03-26 05:52:25,7.755,2008-03-26 05:52:25,123.000
2008-03-26 05:54:01,8.141,2008-03-26 05:54:01,124.000
2008-03-26 05:55:37,8.554,2008-03-26 05:55:37,125.000
2008-03-26 05:57:13,8.700,2008-03-26 05:57:13,126.000
2008-03-26 05:58:49,8.069,2008-03-26 05:58:49,127.000
2008-03-26 06:00:26,7.751,2008-03-26 06:00:26,128.000
2008-03-26 06:02:02,9.715,2008-03-26 06:02:02,129.000
2008-03-26 06:03:38,9.219,2008-03-26 06:03:38,130.000
2008-03-26 06:05:14,9.007,2008-03-26 06:05:14,131.000
2008-03-26 06:06:50,9.773,2008-03-26 06:06:50,132.000
2008-03-26 06:08:26,8.147,2008-03-26 06:08:26,133.000
2008-03-26 06:10:02,6.935,2008-03-26 06:10:02,134.000
2008-03-26 06:11:39,8.539,2008-03-26 06:11:39,135.000
2008-03-26 06:13:15,7.962,2008-03-26 06:13:15,136.000
2008-03-26 06:14:51,9.132,2008-03-26 06:14:51,137.000
2008-03-26 06:16:27,8.523,2008-03-26 06:16:27,138.000
2008-03-26 06:18:03,9.514,2008-03-26 06:18:03,139.000
2008-03-26 06:19:39,8.999,2008-03-26 06:19:39,140.000
2008-03-26 06:21:16,10.148,2008-03-26 06:21:16,141.000
2008-03-26 06:22:52,9.014,2008-03-26 06:22:52,142.000
2008-03-26 06:24:28,8.524,2008-03-26 06:24:28,143.000
2008-03-26 06:26:04,9.750,2008-03-26 06:26:04,144.000
2008-03-26 06:27:40,10.203,2008-03-26 06:27:40,145.000
2008-03-26 06:29:16,9.045,2008-03-26 06:29:16,146.000
2008-03-26 06:30:52,11.469,2008-03-26 06:30:52,147.000
2008-03-26 06:32:29,18.158,2008-03-26 06:32:29,148.000
2008-03-26 06:34:05,15.927,2008-03-26 06:34:05,149.000
2008-03-26 06:35:41,13.643,2008-03-26 06:35:41,150.000
2008-03-26 06:37:17,30.722,2008-03-26 06:37:17,151.000
2008-03-26 06:38:53,23.147,2008-03-26 06:38:53,152.000
2008-03-26 06:40:29,14.149,2008-03-26 06:40:29,153.000
2008-03-26 06:42:06,13.314,2008-03-26 06:42:06,154.000
2008-03-26 06:43:42,14.060,2008-03-26 06:43:42,155.000
2008-03-26 06:45:18,12.147,2008-03-26 06:45:18,156.000
2008-03-26 06:46:54,12.495,2008-03-26 06:46:54,157.000
2008-03-26 06:48:30,11.182,2008-03-26 06:48:30,158.000
2008-03-26 06:50:06,11.221,2008-03-26 06:50:06,159.000
2008-03-26 06:51:42,10.636,2008-03-26 06:51:42,160.000
2008-03-26 06:53:19,11.335,2008-03-26 06:53:19,161.000
2008-03-26 06:54:55,11.324,2008-03-26 06:54:55,162.000
2008-03-26 06:56:31,10.730,2008-03-26 06:56:31,163.000
2008-03-26 06:58:07,11.496,2008-03-26 06:58:07,164.000
2008-03-26 06:59:43,9.258,2008-03-26 06:59:43,165.000
2008-03-26 07:01:19,9.457,2008-03-26 07:01:19,166.000
2008-03-26 07:02:56,11.281,2008-03-26 07:02:56,167.000
2008-03-26 07:04:32,13.134,2008-03-26 07:04:32,168.000
2008-03-26 07:06:08,14.951,2008-03-26 07:06:08,169.000
2008-03-26 07:07:44,13.803,2008-03-26 07:07:44,170.000
2008-03-26 07:09:20,12.197,2008-03-26 07:09:20,171.000
2008-03-26 07:10:56,13.051,2008-03-26 07:10:56,172.000
2008-03-26 07:12:32,11.353,2008-03-26 07:12:32,173.000
2008-03-26 07:14:09,11.821,2008-03-26 07:14:09,174.000
2008-03-26 07:15:45,10.927,2008-03-26 07:15:45,175.000
2008-03-26 07:17:21,10.869,2008-03-26 07:17:21,176.000
2008-03-26 07:18:57,12.975,2008-03-26 07:18:57,177.000
2008-03-26 07:20:33,11.983,2008-03-26 07:20:33,178.000
2008-03-26 07:22:09,12.328,2008-03-26 07:22:09,179.000
2008-03-26 07:23:45,13.263,2008-03-26 07:23:45,180.000
2008-03-26 07:25:22,11.334,2008-03-26 07:25:22,181.000
2008-03-26 07:26:58,9.867,2008-03-26 07:26:58,182.000
2008-03-26 07:28:34,9.633,2008-03-26 07:28:34,183.000
2008-03-26 07:30:10,10.583,2008-03-26 07:30:10,184.000
2008-03-26 07:31:46,10.334,2008-03-26 07:31:46,185.000
2008-03-26 07:33:22,8.784,2008-03-26 07:33:22,186.000
2008-03-26 07:34:59,8.476,2008-03-26 07:34:59,187.000
2008-03-26 07:36:35,8.499,2008-03-26 07:36:35,188.000
2008-03-26 07:38:11,10.074,2008-03-26 07:38:11,189.000
2008-03-26 07:39:47,9.376,2008-03-26 07:39:47,190.000
2008-03-26 07:41:23,8.965,2008-03-26 07:41:23,191.000
2008-03-26 07:42:59,9.200,2008-03-26 07:42:59,192.000
2008-03-26 07:44:35,9.880,2008-03-26 07:44:35,193.000
2008-03-26 07:46:12,8.573,2008-03-26 07:46:12,194.000
2008-03-26 07:47:48,8.078,2008-03-26 07:47:48,195.000
2008-03-26 07:49:24,9.581,2008-03-26 07:49:24,196.000
2008-03-26 07:51:00,8.966,2008-03-26 07:51:00,197.000
2008-03-26 07:52:36,8.448,2008-03-26 07:52:36,198.000
2008-03-26 07:54:12,10.258,2008-03-26 07:54:12,199.000
2008-03-26 07:55:49,9.111,2008-03-26 07:55:49,200.000
2008-03-26 07:57:25,8.740,2008-03-26 07:57:25,201.000
2008-03-26 07:59:01,8.426,2008-03-26 07:59:01,202.000
2008-03-26 08:00:37,8.292,2008-03-26 08:00:37,203.000
2008-03-26 08:02:13,8.191,2008-03-26 08:02:13,204.000
2008-03-26 08:03:49,8.107,2008-03-26 08:03:49,205.000
2008-03-26 08:05:25,8.067,2008-03-26 08:05:25,206.000
2008-03-26 08:07:02,7.840,2008-03-26 08:07:02,207.000
2008-03-26 08:08:38,7.926,2008-03-26 08:08:38,208.000
2008-03-26 08:10:14,8.063,2008-03-26 08:10:14,209.000
2008-03-26 08:11:50,8.233,2008-03-26 08:11:50,210.000
2008-03-26 08:13:26,8.147,2008-03-26 08:13:26,211.000
2008-03-26 08:15:02,8.028,2008-03-26 08:15:02,212.000
2008-03-26 08:16:38,7.595,2008-03-26 08:16:38,213.000
2008-03-26 08:18:15,7.822,2008-03-26 08:18:15,214.000
2008-03-26 08:19:51,7.770,2008-03-26 08:19:51,215.000
2008-03-26 08:21:27,7.183,2008-03-26 08:21:27,216.000
2008-03-26 08:23:03,7.518,2008-03-26 08:23:03,217.000
2008-03-26 08:24:39,7.402,2008-03-26 08:24:39,218.000
2008-03-26 08:26:15,7.747,2008-03-26 08:26:15,219.000
2008-03-26 08:27:52,7.896,2008-03-26 08:27:52,220.000
2008-03-26 08:29:28,7.793,2008-03-26 08:29:28,221.000
2008-03-26 08:31:04,7.491,2008-03-26 08:31:04,222.000
2008-03-26 08:32:40,7.369,2008-03-26 08:32:40,223.000
2008-03-26 08:34:16,7.165,2008-03-26 08:34:16,224.000
2008-03-26 08:35:52,7.077,2008-03-26 08:35:52,225.000
2008-03-26 08:37:28,7.044,2008-03-26 08:37:28,226.000
2008-03-26 08:39:05,7.166,2008-03-26 08:39:05,227.000
2008-03-26 08:40:41,7.289,2008-03-26 08:40:41,228.000
2008-03-26 08:42:17,7.440,2008-03-26 08:42:17,229.000
2008-03-26 08:43:53,7.554,2008-03-26 08:43:53,230.000
2008-03-26 08:45:29,7.414,2008-03-26 08:45:29,231.000
2008-03-26 08:47:05,7.640,2008-03-26 08:47:05,232.000
2008-03-26 08:48:42,7.500,2008-03-26 08:48:42,233.000
2008-03-26 08:50:18,7.494,2008-03-26 08:50:18,234.000
2008-03-26 08:51:54,7.611,2008-03-26 08:51:54,235.000
2008-03-26 08:53:30,8.129,2008-03-26 08:53:30,236.000
2008-03-26 08:55:06,8.780,2008-03-26 08:55:06,237.000
2008-03-26 08:56:42,7.337,2008-03-26 08:56:42,238.000
2008-03-26 08:58:18,7.618,2008-03-26 08:58:18,239.000
2008-03-26 08:59:55,7.325,2008-03-26 08:59:55,240.000
2008-03-26 09:01:31,7.147,2008-03-26 09:01:31,241.000
2008-03-26 09:03:07,6.940,2008-03-26 09:03:07,242.000
2008-03-26 09:04:43,7.092,2008-03-26 09:04:43,243.000
2008-03-26 09:06:19,6.865,2008-03-26 09:06:19,244.000
2008-03-26 09:07:55,7.073,2008-03-26 09:07:55,245.000
2008-03-26 09:09:32,7.170,2008-03-26 09:09:32,246.000
2008-03-26 09:11:08,7.244,2008-03-26 09:11:08,247.000
2008-03-26 09:12:44,7.032,2008-03-26 09:12:44,248.000
2008-03-26 09:14:20,7.225,2008-03-26 09:14:20,249.000
2008-03-26 09:15:56,6.762,2008-03-26 09:15:56,250.000
2008-03-26 09:17:32,6.743,2008-03-26 09:17:32,251.000
2008-03-26 09:19:08,7.007,2008-03-26 09:19:08,252.000
2008-03-26 09:20:45,6.970,2008-03-26 09:20:45,253.000
2008-03-26 09:22:21,7.263,2008-03-26 09:22:21,254.000
2008-03-26 09:23:57,7.546,2008-03-26 09:23:57,255.000
2008-03-26 09:25:33,7.283,2008-03-26 09:25:33,256.000
2008-03-26 09:27:09,7.296,2008-03-26 09:27:09,257.000
2008-03-26 09:28:45,7.162,2008-03-26 09:28:45,258.000
2008-03-26 09:30:21,7.088,2008-03-26 09:30:21,259.000
2008-03-26 09:31:58,7.006,2008-03-26 09:31:58,260.000
2008-03-26 09:33:34,7.130,2008-03-26 09:33:34,261.000
2008-03-26 09:35:10,7.232,2008-03-26 09:35:10,262.000
2008-03-26 09:36:46,7.215,2008-03-26 09:36:46,263.000
2008-03-26 09:38:22,7.263,2008-03-26 09:38:22,264.000
2008-03-26 09:39:58,7.217,2008-03-26 09:39:58,265.000
2008-03-26 09:41:35,7.466,2008-03-26 09:41:35,266.000
2008-03-26 09:43:11,7.347,2008-03-26 09:43:11,267.000
2008-03-26 09:44:47,7.683,2008-03-26 09:44:47,268.000
2008-03-26 09:46:23,7.622,2008-03-26 09:46:23,269.000
2008-03-26 09:47:59,7.689,2008-03-26 09:47:59,270.000
2008-03-26 09:49:35,7.378,2008-03-26 09:49:35,271.000
2008-03-26 09:51:11,7.374,2008-03-26 09:51:11,272.000
2008-03-26 09:52:48,7.107,2008-03-26 09:52:48,273.000
2008-03-26 09:54:24,7.154,2008-03-26 09:54:24,274.000
2008-03-26 09:56:00,7.343,2008-03-26 09:56:00,275.000
2008-03-26 09:57:36,7.374,2008-03-26 09:57:36,276.000
2008-03-26 09:59:12,7.384,2008-03-26 09:59:12,277.000
2008-03-26 10:00:48,7.259,2008-03-26 10:00:48,278.000
2008-03-26 10:02:25,7.236,2008-03-26 10:02:25,279.000
2008-03-26 10:04:01,7.174,2008-03-26 10:04:01,280.000
2008-03-26 10:05:37,7.231,2008-03-26 10:05:37,281.000
2008-03-26 10:07:13,7.084,2008-03-26 10:07:13,282.000
2008-03-26 10:08:49,7.174,2008-03-26 10:08:49,283.000
2008-03-26 10:10:25,7.315,2008-03-26 10:10:25,284.000
2008-03-26 10:12:01,7.210,2008-03-26 10:12:01,285.000
2008-03-26 10:13:38,7.026,2008-03-26 10:13:38,286.000
2008-03-26 10:15:14,1.000,2008-03-26 10:15:14,287.000
2008-03-26 10:16:50,7.039,2008-03-26 10:16:50,288.000
2008-03-26 10:18:26,7.168,2008-03-26 10:18:26,289.000
2008-03-26 10:20:02,7.061,2008-03-26 10:20:02,290.000
2008-03-26 10:21:38,7.326,2008-03-26 10:21:38,291.000
2008-03-26 10:23:15,7.694,2008-03-26 10:23:15,292.000
2008-03-26 10:24:51,7.704,2008-03-26 10:24:51,293.000
2008-03-26 10:26:27,7.585,2008-03-26 10:26:27,294.000
2008-03-26 10:28:03,7.628,2008-03-26 10:28:03,295.000
2008-03-26 10:29:39,7.714,2008-03-26 10:29:39,296.000
2008-03-26 10:31:15,7.572,2008-03-26 10:31:15,297.000
2008-03-26 10:32:51,7.821,2008-03-26 10:32:51,298.000
2008-03-26 10:34:28,8.167,2008-03-26 10:34:28,299.000
2008-03-26 10:36:04,8.265,2008-03-26 10:36:04,300.000
2008-03-26 10:37:40,8.199,2008-03-26 10:37:40,301.000
2008-03-26 10:39:16,8.252,2008-03-26 10:39:16,302.000
2008-03-26 10:40:52,8.356,2008-03-26 10:40:52,303.000
2008-03-26 10:42:28,8.199,2008-03-26 10:42:28,304.000
2008-03-26 10:44:04,8.246,2008-03-26 10:44:04,305.000
2008-03-26 10:45:41,8.361,2008-03-26 10:45:41,306.000
2008-03-26 10:47:17,8.610,2008-03-26 10:47:17,307.000
2008-03-26 10:48:53,8.666,2008-03-26 10:48:53,308.000
2008-03-26 10:50:29,8.769,2008-03-26 10:50:29,309.000
2008-03-26 10:52:05,8.743,2008-03-26 10:52:05,310.000
2008-03-26 10:53:41,8.465,2008-03-26 10:53:41,311.000
2008-03-26 10:55:18,8.462,2008-03-26 10:55:18,312.000
2008-03-26 10:56:54,8.478,2008-03-26 10:56:54,313.000
2008-03-26 10:58:30,8.667,2008-03-26 10:58:30,314.000
2008-03-26 11:00:06,8.824,2008-03-26 11:00:06,315.000
2008-03-26 11:01:42,8.795,2008-03-26 11:01:42,316.000
2008-03-26 11:03:18,9.010,2008-03-26 11:03:18,317.000
2008-03-26 11:04:54,8.800,2008-03-26 11:04:54,318.000
2008-03-26 11:06:31,9.043,2008-03-26 11:06:31,319.000
2008-03-26 11:08:07,9.252,2008-03-26 11:08:07,320.000
2008-03-26 11:09:43,9.706,2008-03-26 11:09:43,321.000
2008-03-26 11:11:19,9.941,2008-03-26 11:11:19,322.000
2008-03-26 11:12:55,9.958,2008-03-26 11:12:55,323.000
2008-03-26 11:14:31,9.847,2008-03-26 11:14:31,324.000
2008-03-26 11:16:08,10.025,2008-03-26 11:16:08,325.000
2008-03-26 11:17:44,10.903,2008-03-26 11:17:44,326.000
2008-03-26 11:19:20,11.366,2008-03-26 11:19:20,327.000
2008-03-26 11:20:56,12.330,2008-03-26 11:20:56,328.000
2008-03-26 11:22:32,12.648,2008-03-26 11:22:32,329.000
2008-03-26 11:24:08,13.222,2008-03-26 11:24:08,330.000
2008-03-26 11:25:44,13.148,2008-03-26 11:25:44,331.000
2008-03-26 11:27:21,12.123,2008-03-26 11:27:21,332.000
2008-03-26 11:28:57,7.884,2008-03-26 11:28:57,333.000
2008-03-26 11:30:33,6.874,2008-03-26 11:30:33,334.000
2008-03-26 11:32:09,14.545,2008-03-26 11:32:09,335.000
2008-03-26 11:33:45,20.882,2008-03-26 11:33:45,336.000
2008-03-26 11:35:21,21.852,2008-03-26 11:35:21,337.000
2008-03-26 11:36:58,17.508,2008-03-26 11:36:58,338.000
2008-03-26 11:38:34,9.189,2008-03-26 11:38:34,339.000
2008-03-26 11:40:10,15.304,2008-03-26 11:40:10,340.000
2008-03-26 11:41:46,23.697,2008-03-26 11:41:46,341.000
2008-03-26 11:43:22,33.423,2008-03-26 11:43:22,342.000
2008-03-26 11:44:58,31.557,2008-03-26 11:44:58,343.000
2008-03-26 11:46:34,32.605,2008-03-26 11:46:34,344.000
2008-03-26 11:48:11,9.009,2008-03-26 11:48:11,345.000
2008-03-26 11:49:47,8.947,2008-03-26 11:49:47,346.000
2008-03-26 11:51:23,7.681,2008-03-26 11:51:23,347.000
2008-03-26 11:52:59,7.248,2008-03-26 11:52:59,348.000
2008-03-26 11:54:35,7.804,2008-03-26 11:54:35,349.000
2008-03-26 11:56:11,6.911,2008-03-26 11:56:11,350.000
2008-03-26 11:57:47,6.998,2008-03-26 11:57:47,351.000
2008-03-26 11:59:24,6.180,2008-03-26 11:59:24,352.000
2008-03-26 12:01:00,5.824,2008-03-26 12:01:00,353.000
2008-03-26 12:02:36,5.857,2008-03-26 12:02:36,354.000
2008-03-26 12:04:12,5.733,2008-03-26 12:04:12,355.000
2008-03-26 12:05:48,5.705,2008-03-26 12:05:48,356.000
2008-03-26 12:07:24,5.507,2008-03-26 12:07:24,357.000
2008-03-26 12:09:01,5.725,2008-03-26 12:09:01,358.000
2008-03-26 12:10:37,5.606,2008-03-26 12:10:37,359.000
2008-03-26 12:12:13,5.372,2008-03-26 12:12:13,360.000
2008-03-26 12:13:49,5.062,2008-03-26 12:13:49,361.000
2008-03-26 12:15:25,5.050,2008-03-26 12:15:25,362.000
2008-03-26 12:17:01,5.085,2008-03-26 12:17:01,363.000
2008-03-26 12:18:37,4.895,2008-03-26 12:18:37,364.000
2008-03-26 12:20:14,4.284,2008-03-26 12:20:14,365.000
2008-03-26 12:21:50,89.308,2008-03-26 12:21:50,366.000
2008-03-26 12:23:26,100.193,2008-03-26 12:23:26,367.000
2008-03-26 12:25:02,100.368,2008-03-26 12:25:02,368.000
2008-03-26 12:26:38,100.325,2008-03-26 12:26:38,369.000
2008-03-26 12:28:14,100.340,2008-03-26 12:28:14,370.000
2008-03-26 12:29:51,100.417,2008-03-26 12:29:51,371.000
2008-03-26 12:31:27,100.417,2008-03-26 12:31:27,372.000
2008-03-26 12:33:03,100.389,2008-03-26 12:33:03,373.000
2008-03-26 12:34:39,100.510,2008-03-26 12:34:39,374.000
2008-03-26 12:36:15,100.486,2008-03-26 12:36:15,375.000
2008-03-26 12:37:52,100.441,2008-03-26 12:37:52,376.000
2008-03-26 12:39:31,100.457,2008-03-26 12:39:31,377.000
2008-03-26 12:41:07,100.467,2008-03-26 12:41:07,378.000
2008-03-26 12:42:43,100.471,2008-03-26 12:42:43,379.000
2008-03-26 12:44:19,100.451,2008-03-26 12:44:19,380.000
2008-03-26 12:45:55,100.461,2008-03-26 12:45:55,381.000
2008-03-26 12:47:32,100.464,2008-03-26 12:47:32,382.000
2008-03-26 12:49:08,100.417,2008-03-26 12:49:08,383.000
2008-03-26 12:50:44,100.448,2008-03-26 12:50:44,384.000
2008-03-26 12:52:20,100.461,2008-03-26 12:52:20,385.000
2008-03-26 12:53:56,100.457,2008-03-26 12:53:56,386.000
2008-03-26 12:55:32,100.561,2008-03-26 12:55:32,387.000
2008-03-26 12:57:09,100.512,2008-03-26 12:57:09,388.000
2008-03-26 12:58:45,100.512,2008-03-26 12:58:45,389.000
2008-03-26 13:00:21,100.561,2008-03-26 13:00:21,390.000
2008-03-26 13:01:57,100.576,2008-03-26 13:01:57,391.000
2008-03-26 13:03:33,100.628,2008-03-26 13:03:33,392.000
2008-03-26 13:05:10,100.585,2008-03-26 13:05:10,393.000
2008-03-26 13:06:46,100.577,2008-03-26 13:06:46,394.000
2008-03-26 13:08:22,100.604,2008-03-26 13:08:22,395.000
2008-03-26 13:09:58,100.563,2008-03-26 13:09:58,396.000
2008-03-26 13:11:34,100.629,2008-03-26 13:11:34,397.000
2008-03-26 13:13:10,100.614,2008-03-26 13:13:10,398.000
2008-03-26 13:14:47,100.631,2008-03-26 13:14:47,399.000
2008-03-26 13:16:23,100.661,2008-03-26 13:16:23,400.000
2008-03-26 13:17:59,100.686,2008-03-26 13:17:59,401.000
2008-03-26 13:19:35,100.739,2008-03-26 13:19:35,402.000
2008-03-26 13:21:11,100.622,2008-03-26 13:21:11,403.000
2008-03-26 13:22:47,100.690,2008-03-26 13:22:47,404.000
2008-03-26 13:24:27,100.676,2008-03-26 13:24:27,405.000
2008-03-26 13:26:03,100.711,2008-03-26 13:26:03,406.000
2008-03-26 13:27:39,100.669,2008-03-26 13:27:39,407.000
2008-03-26 13:29:15,100.741,2008-03-26 13:29:15,408.000
2008-03-26 13:30:51,100.687,2008-03-26 13:30:51,409.000
2008-03-26 13:32:28,100.719,2008-03-26 13:32:28,410.000
2008-03-26 13:34:04,100.729,2008-03-26 13:34:04,411.000
2008-03-26 13:35:40,100.776,2008-03-26 13:35:40,412.000
2008-03-26 13:37:16,100.809,2008-03-26 13:37:16,413.000
2008-03-26 13:38:52,100.856,2008-03-26 13:38:52,414.000
2008-03-26 13:40:28,100.899,2008-03-26 13:40:28,415.000
2008-03-26 13:42:05,100.916,2008-03-26 13:42:05,416.000
2008-03-26 13:43:41,101.000,2008-03-26 13:43:41,417.000
2008-03-26 13:45:17,101.082,2008-03-26 13:45:17,418.000
2008-03-26 13:46:53,101.093,2008-03-26 13:46:53,419.000
2008-03-26 13:48:29,101.087,2008-03-26 13:48:29,420.000
2008-03-26 13:50:05,101.055,2008-03-26 13:50:05,421.000
2008-03-26 13:51:42,101.157,2008-03-26 13:51:42,422.000
2008-03-26 13:53:18,101.093,2008-03-26 13:53:18,423.000
2008-03-26 13:54:54,101.240,2008-03-26 13:54:54,424.000
2008-03-26 13:56:30,101.165,2008-03-26 13:56:30,425.000
2008-03-26 13:58:06,101.141,2008-03-26 13:58:06,426.000
2008-03-26 13:59:43,101.072,2008-03-26 13:59:43,427.000
2008-03-26 14:01:19,100.999,2008-03-26 14:01:19,428.000
2008-03-26 14:02:55,101.018,2008-03-26 14:02:55,429.000
2008-03-26 14:04:31,100.935,2008-03-26 14:04:31,430.000
2008-03-26 14:06:07,100.845,2008-03-26 14:06:07,431.000
2008-03-26 14:07:43,99.732,2008-03-26 14:07:43,432.000
2008-03-26 14:09:19,4.432,2008-03-26 14:09:19,433.000
2008-03-26 14:10:55,5.059,2008-03-26 14:10:55,434.000
2008-03-26 14:12:31,5.643,2008-03-26 14:12:31,435.000
2008-03-26 14:14:07,5.811,2008-03-26 14:14:07,436.000
2008-03-26 14:15:43,6.037,2008-03-26 14:15:43,437.000
2008-03-26 14:17:19,6.052,2008-03-26 14:17:19,438.000
2008-03-26 14:18:55,5.898,2008-03-26 14:18:55,439.000
2008-03-26 14:20:31,5.831,2008-03-26 14:20:31,440.000
2008-03-26 14:22:07,5.733,2008-03-26 14:22:07,441.000
2008-03-26 14:23:43,5.787,2008-03-26 14:23:43,442.000
2008-03-26 14:25:19,5.711,2008-03-26 14:25:19,443.000
2008-03-26 14:26:55,5.833,2008-03-26 14:26:55,444.000
2008-03-26 14:28:31,5.505,2008-03-26 14:28:31,445.000
2008-03-26 14:30:07,5.457,2008-03-26 14:30:07,446.000
2008-03-26 14:31:43,5.503,2008-03-26 14:31:43,447.000
2008-03-26 14:33:19,5.551,2008-03-26 14:33:19,448.000
2008-03-26 14:34:55,5.581,2008-03-26 14:34:55,449.000
2008-03-26 14:36:31,5.789,2008-03-26 14:36:31,450.000
2008-03-26 14:38:07,5.772,2008-03-26 14:38:07,451.000
2008-03-26 14:39:44,5.705,2008-03-26 14:39:44,452.000
2008-03-26 14:41:20,5.729,2008-03-26 14:41:20,453.000
2008-03-26 14:42:56,5.842,2008-03-26 14:42:56,454.000
2008-03-26 14:44:32,5.811,2008-03-26 14:44:32,455.000
2008-03-26 14:46:08,5.726,2008-03-26 14:46:08,456.000
2008-03-26 14:47:44,5.518,2008-03-26 14:47:44,457.000
2008-03-26 14:49:20,5.757,2008-03-26 14:49:20,458.000
2008-03-26 14:50:56,5.611,2008-03-26 14:50:56,459.000
2008-03-26 14:52:32,5.153,2008-03-26 14:52:32,460.000
2008-03-26 14:54:08,4.995,2008-03-26 14:54:08,461.000
2008-03-26 14:55:45,4.965,2008-03-26 14:55:45,462.000
2008-03-26 14:57:21,3.631,2008-03-26 14:57:21,463.000
2008-03-26 14:58:57,3.835,2008-03-26 14:58:57,464.000
2008-03-26 15:00:33,2.331,2008-03-26 15:00:33,465.000
2008-03-26 15:02:09,1.812,2008-03-26 15:02:09,466.000
2008-03-26 15:03:45,1.584,2008-03-26 15:03:45,467.000
2008-03-26 15:05:21,1.549,2008-03-26 15:05:21,468.000
2008-03-26 15:06:58,1.490,2008-03-26 15:06:58,469.000
2008-03-26 15:08:34,1.471,2008-03-26 15:08:34,470.000
2008-03-26 15:10:10,1.455,2008-03-26 15:10:10,471.000
2008-03-26 15:11:46,1.435,2008-03-26 15:11:46,472.000
2008-03-26 15:13:22,1.438,2008-03-26 15:13:22,473.000
2008-03-26 15:14:58,1.431,2008-03-26 15:14:58,474.000
2008-03-26 15:16:34,1.418,2008-03-26 15:16:34,475.000
2008-03-26 15:18:11,1.413,2008-03-26 15:18:11,476.000
2008-03-26 15:19:47,1.413,2008-03-26 15:19:47,477.000
2008-03-26 15:22:20,1.406,2008-03-26 15:22:20,478.000
2008-03-26 15:23:56,1.406,2008-03-26 15:23:56,479.000
2008-03-26 15:31:18,1.402,2008-03-26 15:31:18,480.000
2008-03-26 15:37:42,1.397,2008-03-26 15:37:42,481.000
2008-03-26 15:44:07,1.364,2008-03-26 15:44:07,482.000
2008-03-26 15:50:32,1.368,2008-03-26 15:50:32,483.000
2008-03-26 15:56:56,1.388,2008-03-26 15:56:56,484.000
2008-03-26 16:03:21,1.351,2008-03-26 16:03:21,485.000
2008-03-26 16:09:46,1.299,2008-03-26 16:09:46,486.000
2008-03-26 16:16:10,1.302,2008-03-26 16:16:10,487.000
2008-03-26 16:22:35,1.360,2008-03-26 16:22:35,488.000
2008-03-26 16:28:59,1.392,2008-03-26 16:28:59,489.000
2008-03-26 16:35:24,1.427,2008-03-26 16:35:24,490.000
2008-03-26 16:41:49,1.462,2008-03-26 16:41:49,491.000
2008-03-26 16:48:13,1.505,2008-03-26 16:48:13,492.000
2008-03-26 16:54:38,1.543,2008-03-26 16:54:38,493.000
2008-03-26 17:01:03,1.547,2008-03-26 17:01:03,494.000
2008-03-26 17:07:27,1.542,2008-03-26 17:07:27,495.000
2008-03-26 17:13:52,1.553,2008-03-26 17:13:52,496.000
2008-03-26 17:20:17,1.573,2008-03-26 17:20:17,497.000
2008-03-26 17:26:41,1.627,2008-03-26 17:26:41,498.000
2008-03-26 17:33:06,1.577,2008-03-26 17:33:06,499.000
2008-03-26 17:39:30,1.662,2008-03-26 17:39:30,500.000
2008-03-26 17:45:55,1.680,2008-03-26 17:45:55,501.000
2008-03-26 17:52:20,1.708,2008-03-26 17:52:20,502.000
2008-03-26 17:58:44,2.550,2008-03-26 17:58:44,503.000
2008-03-26 18:05:09,6.348,2008-03-26 18:05:09,504.000
2008-03-26 18:11:33,7.731,2008-03-26 18:11:33,505.000
2008-03-26 18:17:58,5.102,2008-03-26 18:17:58,506.000
2008-03-26 18:24:23,10.721,2008-03-26 18:24:23,507.000
2008-03-26 18:30:47,10.418,2008-03-26 18:30:47,508.000
2008-03-26 18:37:12,4.692,2008-03-26 18:37:12,509.000
2008-03-26 18:43:36,6.422,2008-03-26 18:43:36,510.000
2008-03-26 18:50:01,7.214,2008-03-26 18:50:01,511.000
2008-03-26 18:56:26,9.613,2008-03-26 18:56:26,512.000
2008-03-26 19:02:50,9.645,2008-03-26 19:02:50,513.000
2008-03-26 19:09:15,11.384,2008-03-26 19:09:15,514.000
2008-03-26 19:15:40,10.977,2008-03-26 19:15:40,515.000
2008-03-26 19:22:04,11.219,2008-03-26 19:22:04,516.000
2008-03-26 19:28:29,11.785,2008-03-26 19:28:29,517.000
2008-03-26 19:34:53,11.448,2008-03-26 19:34:53,518.000
2008-03-26 19:41:18,12.032,2008-03-26 19:41:18,519.000
2008-03-26 19:47:43,10.940,2008-03-26 19:47:43,520.000
2008-03-26 19:54:07,9.791,2008-03-26 19:54:07,521.000
2008-03-26 20:00:32,8.717,2008-03-26 20:00:32,522.000
2008-03-26 20:06:56,10.130,2008-03-26 20:06:56,523.000
2008-03-26 20:13:21,7.320,2008-03-26 20:13:21,524.000
2008-03-26 20:19:46,7.700,2008-03-26 20:19:46,525.000
2008-03-26 20:26:10,5.787,2008-03-26 20:26:10,526.000
2008-03-26 20:32:35,6.617,2008-03-26 20:32:35,527.000
2008-03-26 20:38:59,7.699,2008-03-26 20:38:59,528.000
2008-03-26 20:45:24,6.824,2008-03-26 20:45:24,529.000
2008-03-26 20:51:49,6.878,2008-03-26 20:51:49,530.000
2008-03-26 20:58:13,7.141,2008-03-26 20:58:13,531.000
2008-03-26 21:04:38,8.136,2008-03-26 21:04:38,532.000
2008-03-26 21:11:02,10.316,2008-03-26 21:11:02,533.000
2008-03-26 21:17:27,8.140,2008-03-26 21:17:27,534.000
2008-03-26 21:23:52,9.640,2008-03-26 21:23:52,535.000
2008-03-26 21:30:16,9.130,2008-03-26 21:30:16,536.000
2008-03-26 21:36:41,8.403,2008-03-26 21:36:41,537.000
2008-03-26 21:43:06,9.078,2008-03-26 21:43:06,538.000
2008-03-26 21:49:30,7.541,2008-03-26 21:49:30,539.000
2008-03-26 21:55:55,9.998,2008-03-26 21:55:55,540.000
2008-03-26 22:02:19,8.574,2008-03-26 22:02:19,541.000
2008-03-26 22:08:44,8.903,2008-03-26 22:08:44,542.000
2008-03-26 22:15:09,10.063,2008-03-26 22:15:09,543.000
2008-03-26 22:21:33,8.551,2008-03-26 22:21:33,544.000
2008-03-26 22:27:58,8.566,2008-03-26 22:27:58,545.000
2008-03-26 22:34:22,8.328,2008-03-26 22:34:22,546.000
2008-03-26 22:40:47,8.900,2008-03-26 22:40:47,547.000
2008-03-26 22:47:12,9.229,2008-03-26 22:47:12,548.000
2008-03-26 22:53:36,9.380,2008-03-26 22:53:36,549.000
2008-03-26 23:00:01,9.585,2008-03-26 23:00:01,550.000
2008-03-26 23:06:25,9.819,2008-03-26 23:06:25,551.000
2008-03-26 23:12:50,9.793,2008-03-26 23:12:50,552.000
2008-03-26 23:19:15,9.903,2008-03-26 23:19:15,553.000
2008-03-26 23:25:39,10.407,2008-03-26 23:25:39,554.000
2008-03-26 23:32:04,10.028,2008-03-26 23:32:04,555.000
2008-03-26 23:38:28,10.440,2008-03-26 23:38:28,556.000
2008-03-26 23:44:53,10.100,2008-03-26 23:44:53,557.000
2008-03-26 23:51:18,10.607,2008-03-26 23:51:18,558.000
2008-03-26 23:57:42,11.906,2008-03-26 23:57:42,559.000
